{
  "cagr": 0.7171737335659234,
  "total_return": 10.244659400726611,
  "sharpe": 0.16069491562516527,
  "sortino": 0.03912063974265382,
  "calmar": 0.08002715451525796,
  "max_drawdown": -8.961629810656172,
  "avg_drawdown": -5.05558977813764,
  "volatility": 5.342429511382723,
  "win_rate": 33.33333333333333,
  "profit_factor": 1.6891046065411024,
  "trade_count": 6,
  "avg_r_multiple": 0.5053690369936952,
  "net_exposure": 0.0,
  "gross_exposure": 0.0,
  "turnover": 0.0009208226456463423,
  "best_day": 7.116486161198199,
  "worst_day": -6.438566696587033,
  "skew": 0.8185463913110671,
  "kurtosis": 192.38046355024238
}